run_name,start_idx,start_time,grating_spacing[µm],A[Wm^-2],B[Wm^-2],C[Wm^-2],alpha[m^2s^-1],beta[s^0.5],theta[rad],tau[s],f[Hz],A_err[Wm^-2],B_err[Wm^-2],C_err[Wm^-2],alpha_err[m^2s^-1],beta_err[s^0.5],theta_err[rad],tau_err[s],f_err[Hz]
Cu-110-2024-05-01-03.40um-cooldown-POS-2.txt,67,3.399999999999999e-09,3.5276,0.0018350115970852414,0.14034572804863915,-0.0019867178124970443,0.00010708410047033909,0.02014003431359632,-16.9895611194171,3.081236310154578e-09,545020385.8296875,1.1664240323975823,0.00619856470201978,7.3844208523147784e-06,2.894989149951198e-06,12.77819823545423,0.040456866003915314,4.783757145312517e-11,753319.1253069342
